name	@lat	@lon	population
São Paulo	-23.5506507	-46.6333824	11451999
Taboão da Serra	-23.6121912	-46.7790539	273542
São Bernardo do Campo	-23.7080345	-46.5506747	810729
São Caetano do Sul	-23.6195923	-46.5688323	165655
Campinas	-22.9056391	-47.0595640	1139047
Osasco	-23.5324859	-46.7916801	728615
Piracicaba	-22.7251650	-47.6493269	423323
Jundiaí	-23.1887668	-46.8845060	443221
Americana	-22.7392463	-47.3306032	237240
Sumaré	-22.8217964	-47.2671050	279545
Hortolândia	-22.8620175	-47.2164219	236641
Limeira	-22.5615068	-47.4017660	291869
Itu	-23.2637798	-47.2998462	168240
Sorocaba	-23.5003451	-47.4582864	723682
Santos	-23.9335988	-46.3286399	418608
Peruíbe	-24.3218105	-46.9977452	68352
Leme	-22.1844807	-47.3852950	98161
Rio Claro	-22.4100108	-47.5603933	201418
Araras	-22.3569192	-47.3838766	130866
Itaquaquecetuba	-23.4754492	-46.3514033	369275
Suzano	-23.5427842	-46.3108391	307429
Guarujá	-23.9927768	-46.2558332	287634
Barueri	-23.5112184	-46.8764612	316473
Embu das Artes	-23.6495294	-46.8528497	250691
Praia Grande	-24.0089790	-46.4144939	349935
Itapevi	-23.5488800	-46.9338890	232297
Cotia	-23.6038890	-46.9188890	274413
Jacareí	-23.3050682	-45.9723075	240275
Pindamonhangaba	-22.9364000	-45.4622602	165428
Caraguatatuba	-23.6202800	-45.4130600	134873
Ilhabela	-23.8166280	-45.3686850	34934
Serra Negra	-22.6126459	-46.6999860	29894
Morungaba	-22.8800000	-46.7916700	13720
Valinhos	-22.9705600	-46.9958300	126373
Vinhedo	-23.0298535	-46.9749847	76540
Amparo	-22.7011100	-46.7644400	68008
Louveira	-23.0863900	-46.9505600	51847
Jarinu	-23.0949649	-46.7148565	37535
Atibaia	-23.1177393	-46.5547861	158647
Igaratá	-23.2063475	-46.1569340	10605
Nazaré Paulista	-23.1819309	-46.3992986	18217
Indaiatuba	-23.0908356	-47.2180677	255748
Itupeva	-23.1531055	-47.0580347	70616
Votorantim	-23.5383101	-47.4422496	127923
São Roque	-23.5304843	-47.1355473	79484
Alumínio	-23.5203479	-47.2575256	17301
Mairiporã	-23.3190348	-46.5876377	93853
Jordanésia	-23.3343981	-46.8403370	24313
Francisco Morato	-23.2817308	-46.7448996	165139
Franco da Rocha	-23.3328038	-46.7244460	144849
Várzea Paulista	-23.2113889	-46.8283333	115771
Cajamar	-23.3561111	-46.8769444	92689
Aparecida	-22.8515520	-45.2340924	32569
Araçariguama	-23.4388277	-47.0613084	21522
Santana de Parnaíba	-23.4446715	-46.9167722	154105
Pirapora do Bom Jesus	-23.3972146	-47.0025661	18370
Cabreúva	-23.3076663	-47.1324726	47011
Orlândia	-20.7202780	-47.8866670	38319
Jardinópolis	-21.0255126	-47.7706807	45282
São Joaquim da Barra	-20.5814993	-47.8608238	48558
Sertãozinho	-21.1375782	-47.9913741	126887
Cravinhos	-21.3402780	-47.7294440	33281
Igarapava	-20.0411748	-47.7476682	26212
Santa Rita do Passa Quatro	-21.7103738	-47.4777943	24833
Ribeirão Preto	-21.1776315	-47.8100983	698642
Pirassununga	-21.9980468	-47.4280861	73545
Mogi Mirim	-22.4331230	-46.9582460	92558
Itapira	-22.4361110	-46.8216670	72022
Mogi Guaçu	-22.3722220	-46.9425000	153658
Águas de Lindóia	-22.4718855	-46.6291034	17930
Lindoia	-22.5229637	-46.6502119	7014
Presidente Prudente	-22.1225167	-51.3882528	225668
São João da Boa Vista	-21.9687099	-46.7969216	92547
Paranapiacaba	-23.7778474	-46.3012913	
Américo Brasiliense	-21.7297099	-48.1052092	33019
Joanópolis	-22.9300040	-46.2752080	12815
São Francisco Xavier	-22.9133573	-45.9593162	1443
Bom Jesus dos Perdões	-23.1353864	-46.4648052	22006
Campos do Jordão	-22.7382990	-45.5903769	46974
São Bento do Sapucaí	-22.6884605	-45.7329767	11674
Jacupiranga	-24.6945594	-48.0024027	16097
Pariquera-Açu	-24.7146891	-47.8802361	19233
Cananéia	-25.0104609	-47.9315628	12289
Iguape	-24.7042692	-47.5563733	29115
Pedro de Toledo	-24.2769071	-47.2339300	11281
São José do Barreiro	-22.6452376	-44.5805246	3853
Cunha	-23.0775300	-44.9567436	22110
Lorena	-22.7367652	-45.1070876	84855
Piquete	-22.6138451	-45.1777096	12490
Bragança Paulista	-22.9520235	-46.5418586	184634
Itanhaém	-24.1848847	-46.7921572	112476
Mogi das Cruzes	-23.5234284	-46.1926671	451505
Biritiba-Ussu	-23.6326790	-46.1152820	
São Silvestre de Jacareí	-23.3660974	-46.0170721	
Nossa Senhora do Remédio	-23.5490193	-45.9637864	
Eugênio de Melo	-23.1392956	-45.7865951	83665
Maresias	-23.7869608	-45.5616448	
Cambaquara	-23.8316772	-45.3892274	
Paranabi	-23.9021076	-45.2440196	
Bairro Alto	-23.4762748	-45.3511981	
Catuçaba	-23.2462587	-45.2042788	
Cocaes	-23.6910662	-47.7343115	
Moreira César	-22.9153215	-45.3641749	40000
Paruru	-23.6914572	-47.3419519	
Morro do Alto	-23.4817290	-47.9585180	
Brigadeiro Tobias	-23.5109779	-47.3690386	
Bacaetava	-23.3844009	-47.6525195	
Cajuru do Sul	-23.3960442	-47.3775714	
Caucaia do Alto	-23.6881283	-47.0213897	
Canguera	-23.6042961	-47.1639993	
Cipó-Guaçu	-23.8776588	-46.7938050	
Mailasqui	-23.5564130	-47.0896940	
São João Novo	-23.5407136	-47.0390248	
Perus	-23.4074078	-46.7522043	
Aldeia	-23.5080909	-46.8622322	
Polvilho	-23.4083126	-46.8442379	
Vicente de Carvalho	-23.9458462	-46.2913139	
Botujuru	-23.2366305	-46.7660000	
Joaquim Egídio	-22.8882325	-46.9429619	2264
Ouro Fino Paulista	-23.6776600	-46.3496161	
Sousas	-22.8812290	-46.9698874	18152
Bairro das Palmeiras	-23.6411007	-46.3178566	
Batatuba	-23.0960606	-46.4194239	
Ibitiruna	-22.7741697	-47.9620382	
Laras	-22.9253034	-47.8965331	742
Maristela	-23.0390982	-47.8896598	2269
Tupi	-22.7428610	-47.5258030	
Cardeal	-23.0596537	-47.3038664	
Ártemis	-22.6800970	-47.7680100	
Itaqueri da Serra	-22.3415965	-47.9155772	
Paraisolândia	-22.5328587	-47.7134782	
Água Vermelha	-21.8968801	-47.8932193	
Santa Eudóxia	-21.7727232	-47.7937627	
Bonfim Paulista	-21.2639857	-47.8168874	
Cruz das Posses	-21.0771533	-47.9007214	
Nova Veneza	-22.8069862	-47.2200481	140774
Assistência	-22.4973514	-47.5839109	1339
Ajapi	-22.2817068	-47.5491057	
Barão Geraldo	-22.8249724	-47.0808380	55818
Tujuguaba	-22.3788904	-47.1654273	
Três Pontes	-22.6965030	-46.7215050	
Cachoeira de Emas	-21.9231350	-47.3647300	
Jurucê	-21.0648939	-47.7448235	
Nova Aparecida	-22.8574238	-47.1538066	
Santa Cruz da Estrela	-21.7545441	-47.3411534	
Venda Branca	-21.9489225	-47.1189859	
Mostardas	-22.7246507	-46.6290388	
São Roque da Fartura	-21.8362867	-46.7442374	
Lagoa Branca	-21.8946979	-47.0361209	
Martim Francisco	-22.5237789	-46.9551454	
Martinho Prado Júnior	-22.2885175	-47.1349673	
Eleutério	-22.3273594	-46.7225525	
São Benedito da Cachoeirinha	-20.2477265	-47.8718879	
Capivari da Mata	-20.3608246	-47.6812171	
Cândia	-20.8978661	-47.9866506	
Pioneiros	-20.5078253	-47.8331266	
Campestrinho	-21.7257742	-46.6501826	
Barrânia	-21.5411541	-46.5115780	
São Benedito das Areias	-21.3199052	-47.0290593	
Igaraí	-21.4072816	-46.8104616	
Campos de Cunha	-22.9215773	-44.8203588	
Pinheiros	-22.5360672	-44.8865710	
Alto Porã	-20.0731664	-47.4848637	
Igaçaba	-20.1315487	-47.4436550	
Turvo	-23.9004388	-47.5164719	
Santana	-22.6246440	-47.7291835	
Caiubi	-22.7419401	-47.4763229	
Tanquinho	-22.5690316	-47.6077154	
Toque-Toque Pequeno	-23.8162061	-45.5321809	
Embaú	-22.6065710	-45.0415950	
Quilombo	-22.6145338	-45.0896156	
Santa Bárbara d'Oeste	-22.7542539	-47.4137884	183347
Nova Odessa	-22.7805746	-47.2993805	62019
Cosmópolis	-22.6437398	-47.1972086	59773
Santa Gertrudes	-22.4590897	-47.5320340	23611
Cordeirópolis	-22.4768324	-47.4550551	24514
Corumbataí	-22.2210521	-47.6249638	4195
Analândia	-22.1289170	-47.6619390	4589
Sales Oliveira	-20.7696120	-47.8368730	11411
Bertioga	-23.8485680	-46.1395860	64188
Ferraz de Vasconcelos	-23.5410560	-46.3709700	179198
Poá	-23.5249082	-46.3445663	103765
Arujá	-23.3962660	-46.3175449	86678
Santa Isabel	-23.3194222	-46.2271903	53174
Laranjal Paulista	-23.0514764	-47.8370125	26261
São Pedro	-22.5512765	-47.9072359	38256
Águas de São Pedro	-22.6000681	-47.8750887	2780
Ipeúna	-22.4356582	-47.7146714	6831
Charqueada	-22.5095800	-47.7754680	15535
Saltinho	-22.8446614	-47.6754890	8161
Itirapina	-22.2536514	-47.8212546	16148
Rafard	-23.0143559	-47.5306721	8965
Rio das Pedras	-22.8441256	-47.6065667	31328
Mombuca	-22.9293093	-47.5650724	3722
Capivari	-22.9999295	-47.5031066	50068
Elias Fausto	-23.0416538	-47.3718002	17699
Iracemápolis	-22.5869091	-47.5160966	21967
São Miguel Arcanjo	-23.8807771	-47.9963492	32039
Monte Mor	-22.9450430	-47.3121820	64662
Sarapuí	-23.6397400	-47.8248630	10369
Pilar do Sul	-23.8121684	-47.7201865	27619
Tatuí	-23.3489848	-47.8490165	123942
Alambari	-23.5503380	-47.8979710	6141
Pereiras	-23.0743096	-47.9746014	8737
Jumirim	-23.0843839	-47.7882279	3056
Cesário Lange	-23.2260350	-47.9544530	19048
Tapiraí	-23.9638345	-47.5067136	7996
Salto de Pirapora	-23.6492502	-47.5729465	43748
Cerquilho	-23.1626556	-47.7433878	44695
Tietê	-23.1030302	-47.7147937	37663
Araçoiaba da Serra	-23.5045367	-47.6168158	32443
Iperó	-23.3508977	-47.6876110	36459
Piedade	-23.7074096	-47.4252319	52970
Ibiúna	-23.6544825	-47.2208560	75605
Salto	-23.1989983	-47.2913682	134319
Juquitiba	-23.9323460	-47.0714217	27404
Boituva	-23.2838893	-47.6738231	61081
Porto Feliz	-23.2110713	-47.5247163	56497
Mairinque	-23.5401247	-47.1846323	50027
Embu-Guaçu	-23.8317997	-46.8156204	66970
Vargem Grande Paulista	-23.5993380	-47.0220380	50415
São Lourenço da Serra	-23.8535923	-46.9440587	16067
Cubatão	-23.8857982	-46.4241869	112476
Campo Limpo Paulista	-23.2077910	-46.7889190	77632
Carapicuíba	-23.5234673	-46.8406808	386984
Jandira	-23.5282246	-46.9020030	118045
Artur Nogueira	-22.5727370	-47.1726790	51456
Rio Grande da Serra	-23.7441905	-46.3924746	44170
Mauá	-23.6669527	-46.4616922	418261
Engenheiro Coelho	-22.4896659	-47.2119005	19566
Santa Cruz da Conceição	-22.1378975	-47.4555647	4277
Holambra	-22.6332028	-47.0545305	15094
Jaguariúna	-22.7037400	-46.9850620	59347
Luiz Antônio	-21.5524630	-47.7033894	1226
Santa Cruz das Palmeiras	-21.8234750	-47.2480230	28864
Tambaú	-21.7029200	-47.2703440	21435
São Simão	-21.4800208	-47.5531095	13442
Ibaté	-21.9562015	-48.0007848	32178
Descalvado	-21.9090404	-47.6203241	31756
Porto Ferreira	-21.8529134	-47.4794943	52649
Santa Cruz da Esperança	-21.2918648	-47.4309885	2116
Cajuru	-21.2759978	-47.3046035	23830
Altinópolis	-21.0213640	-47.3712000	16818
Tuiuti	-22.8193240	-46.6937627	6947
Serra Azul	-21.3132591	-47.5635821	12746
Serrana	-21.2066883	-47.6053774	43909
Brodowski	-20.9862299	-47.6578768	25201
Santa Rosa de Viterbo	-21.4869452	-47.3654908	23411
Espírito Santo do Pinhal	-22.1929522	-46.7470021	39816
Estiva Gerbi	-22.2742719	-46.9523302	11295
Vargem	-22.8902379	-46.4145366	10805
Santo Antônio do Jardim	-22.1158536	-46.6839541	6126
Santo Antônio de Posse	-22.6053304	-46.9197291	23244
Pedreira	-22.7413470	-46.8948460	43112
Conchal	-22.3375120	-47.1729270	28101
Monte Alegre do Sul	-22.6818610	-46.6798783	8627
Itobi	-21.7308530	-46.9743000	8046
Casa Branca	-21.7743137	-47.0852175	28083
Águas da Prata	-21.9464285	-46.7192121	7369
Vargem Grande do Sul	-21.8310636	-46.8933030	40133
Pedra Bela	-22.7950193	-46.4431811	6718
Pinhalzinho	-22.7824349	-46.5901718	15605
Piracaia	-23.0525450	-46.3593740	26029
Socorro	-22.5902619	-46.5249112	40122
Caconde	-21.5281123	-46.6434015	17101
Mococa	-21.4647310	-47.0024050	67681
Santo Antônio da Alegria	-21.0893048	-47.1523426	6775
Divinolândia	-21.6604584	-46.7371151	11158
Cássia dos Coqueiros	-21.2800820	-47.1643270	2799
São Sebastião da Grama	-21.7118854	-46.8284162	10441
São José do Rio Pardo	-21.5952880	-46.8873030	52205
Ribeirão Corrente	-20.4578720	-47.5903940	4608
Restinga	-20.6032343	-47.4830912	6404
Batatais	-20.8928670	-47.5921490	58402
São José da Bela Vista	-20.5934194	-47.6416942	7626
Ituverava	-20.3366604	-47.7797924	37571
Aramina	-20.0876144	-47.7892010	5420
Nuporanga	-20.7308770	-47.7522561	7391
Guará	-20.4290496	-47.8250067	18606
Rifaina	-20.0811589	-47.4210736	4049
Cristais Paulista	-20.4035690	-47.4209150	9272
Pedregulho	-20.2507100	-47.4808786	15525
Jeriquara	-20.3104773	-47.5915669	3863
Buritizal	-20.1933264	-47.7097165	4356
Itirapuã	-20.6406814	-47.2193817	5779
Patrocínio Paulista	-20.6383609	-47.2801241	14512
Franca	-20.5381768	-47.4009795	352536
Natividade da Serra	-23.3783786	-45.4438173	6999
São Sebastião	-23.8027866	-45.4070527	81595
Caçapava	-23.0992040	-45.7076450	96202
Jambeiro	-23.2556416	-45.6919926	6397
Paraibuna	-23.3864203	-45.6626797	17667
Salesópolis	-23.5288050	-45.8465300	15202
Santa Branca	-23.3974353	-45.8842294	13975
Biritiba Mirim	-23.5697765	-46.0407456	29683
Cachoeira Paulista	-22.6605578	-45.0081689	31564
Canas	-22.7029347	-45.0526508	4931
Lavrinhas	-22.5700470	-44.9023590	7171
Cruzeiro	-22.5783685	-44.9642044	74961
Areias	-22.5800929	-44.6975127	3577
Silveiras	-22.6638400	-44.8521570	6186
Arapeí	-22.6738889	-44.4477778	2330
Queluz	-22.5371881	-44.7752585	9159
São Luiz do Paraitinga	-23.2220531	-45.3108444	10337
Redenção da Serra	-23.2803652	-45.5345747	4494
Santo Antônio do Pinhal	-22.8250504	-45.6674063	7133
Ubatuba	-23.4331620	-45.0834150	92981
Tremembé	-22.9641763	-45.5489548	51173
Taubaté	-23.0314480	-45.5612792	310739
Potim	-22.8377227	-45.2565239	20392
Roseira	-22.8980898	-45.3093218	10832
Campinal	-21.5731674	-51.9797734	
Araxãs	-21.9306312	-51.5206623	
Jaciporã	-21.5960451	-51.5858353	
Jamaica	-21.5130614	-51.6188934	
Planalto do Sul	-22.3147295	-52.2460524	
Cuiabá Paulista	-22.2852899	-52.1021492	
Itororó do Paranapanema	-22.6097345	-51.7217708	
Costa Machado	-22.2151391	-51.8363073	
Nova Pátria	-22.2186884	-51.6412499	
Coronel Goulart	-22.2136210	-51.5427021	
Terra Nova d'Oeste	-21.3050130	-51.6874798	
Gardênia	-22.6261552	-50.9048630	
São José das Laranjeiras	-22.6726314	-50.8626249	
Espigão	-22.1943201	-51.3567629	
Montalvão	-22.0516863	-51.3468965	
Frutal do Campo	-22.8428634	-50.5184769	2072
Agissê	-22.5323835	-50.9085804	
Conceição de Monte Alegre	-22.4731548	-50.6099610	
Santo Antônio de Paranapanema	-22.9039235	-50.4232196	694
Varpa	-22.0804922	-50.5400969	
Sapezal	-22.3519259	-50.6226197	
Eneida	-21.9141670	-51.3014481	
Floresta do Sul	-21.9626801	-51.3078633	
Ameliópolis	-21.8034639	-51.3003431	
Boa Esperança d'Oeste	-21.8672224	-51.2095281	
Atlântida	-21.5751380	-51.2146849	
Mourão	-21.7242620	-51.1804568	
Indaiá do Aguapeí	-21.4102293	-51.1562510	
Vila Escócia	-21.9958512	-51.0269006	
Universo	-21.9027519	-50.5975623	
Tabajara	-21.2855067	-51.1249403	
Amandaba	-21.1015894	-51.1562193	
Lauro Penteado	-21.5138471	-50.4555650	
Juliânia	-21.9017374	-50.3655718	
Esmeralda	-20.3027983	-51.0494125	
Bandeirantes D'Oeste	-20.6095697	-50.8100874	
Ribeiro do Vale	-21.0705960	-50.7100267	
Aparecida do Bonito	-20.0972800	-50.7691650	
Fátima Paulista	-20.1038099	-50.4597081	
Dalas	-20.5226977	-50.7460056	
Prudêncio de Moraes	-20.5340137	-50.4942610	
Guarapuã	-22.2465793	-48.3874587	
Potunduva	-22.3659512	-48.6698413	
Vitoriana	-22.7806271	-48.4007845	
Aparecida de São Manuel	-22.7301790	-48.6128830	
São João de Itaguaçu	-21.1783919	-49.1915758	
Nova Cardoso	-21.3325000	-49.1630684	1294
Cambaratiba	-21.7411213	-49.0243693	
Pradínia	-21.7774152	-49.2505169	
Ururaí	-21.3368452	-48.8476668	
Tapinas	-21.4457782	-48.7866385	
Roberto	-21.2567212	-48.9750977	
Termas de Ibirá	-21.1030724	-49.1882173	737
São Lourenço do Turvo	-21.5507722	-48.5316325	
Curupá	-21.7218899	-48.5811293	
Nova América	-21.5174190	-48.6888733	
Botelho	-21.3636785	-48.7656617	
Santa Cruz dos Lopes	-23.9496591	-49.4956137	
Pedra Branca de Itararé	-23.9569991	-49.2856227	
Turiba do Sul	-23.7618748	-49.2735247	
Guarapiranga	-21.9764293	-48.2499138	
Bueno de Andrada	-21.6696638	-48.2459192	1623
Agulha	-21.3687756	-48.7433671	
Guariroba	-21.4745510	-48.6246920	
Nova Alexandria	-22.6977719	-50.2920133	1029
Paulópolis	-22.0978574	-50.2525204	
Avencas	-22.2732484	-50.1121470	
Amadeu Amaral	-22.3478350	-50.0565530	
Aracaçu	-23.7114837	-48.4796302	
Bom Retiro da Esperança	-23.5475871	-48.3055049	
Sussuí	-22.8164226	-50.3104800	
Batista Botelho	-23.0045391	-49.4033712	
Sodrélia	-22.9547934	-49.5372497	
Domélia	-22.7213720	-49.3101183	
Caporanga	-22.7160644	-49.5716428	
Dirceu	-22.1333017	-49.9141635	
Jatobá	-21.6248758	-50.2425045	
São Martinho d'Oeste	-21.5752453	-50.2743359	
Rosália	-21.9952297	-49.9775176	
Macucos	-21.7462777	-50.1082634	
Corredeira	-22.0548841	-49.6260736	
Jafa	-22.2123813	-49.7309865	
Novo Cravinhos	-21.9879074	-50.1107657	
Guaricanga	-22.0522291	-49.3332857	
Santo Antônio da Estiva	-21.8925026	-49.4066563	
Simões	-21.6647894	-49.4362641	
Cafesópolis	-21.8812110	-49.7588360	
Guapiranga	-21.5159800	-49.6477890	
Santa Maria do Gurupá	-21.6580861	-50.0096760	
Juritis	-21.2042090	-50.1754573	
Santa América	-21.7965178	-50.0531985	
Jacuba	-22.0508297	-49.0373796	
Guaianás	-22.3104586	-48.8916923	
Tibiriçá	-22.2369294	-49.2207922	1492
São Berto	-23.0442934	-49.2520089	
Bacuriti	-21.5850069	-49.4418045	
Nova Itapirema	-21.0755452	-49.5436464	
Botafogo	-20.9992772	-48.5493099	
Turvínia	-21.0151233	-48.6458213	717
Aparecida do Monte Alto	-21.2378741	-48.6439243	
Jurupema	-21.3669481	-48.5706745	
Alfredo Guedes	-22.5927852	-48.7128134	
Lobo	-22.9977844	-48.6851299	
Santelmo	-22.1958127	-48.8754016	
Vanglória	-22.4480098	-48.7782883	
Monte Verde Paulista	-20.8445287	-48.7904109	
Suinana	-20.5481756	-49.1326326	
Tupy	-23.5448215	-48.2350713	
Ibitiúva	-20.9991677	-48.3287237	
Lusitânia	-21.1271983	-48.2775831	
Córrego Rico	-21.2888446	-48.2635306	
Simonsen	-20.4516386	-49.8927965	1156
Ida Iolanda	-20.7014012	-49.9515292	
Santa Izabel do Marinheiro	-20.1646058	-50.0751861	
Brasitânia	-20.1378006	-50.3201940	
São João do Marinheiro	-20.0304920	-50.0400666	
Boa Vista dos Andradas	-20.2016667	-49.8747222	
Ruilândia	-20.9225949	-49.5353415	
Miraluz	-20.9416582	-49.6903737	
Ibitu	-20.6126787	-48.7646067	1819
Ribeiro dos Santos	-20.6084772	-48.9516131	
Juquiratiba	-22.9637167	-48.0995110	
Pirambóia	-22.9338834	-48.1620212	
Vila Xavier	-21.7874896	-48.1630644	
Patrimônio de São Sebastião da Serra	-22.4426156	-48.0107866	
Itaiúba	-20.7190587	-49.8803376	
Junqueira	-20.8207983	-49.8676639	
Ingás	-20.4089918	-49.3348746	
Jurupeba	-20.3116141	-49.3826189	
Marcondésia	-20.8779038	-48.7152802	
Alberto Moreira	-20.4403245	-48.5534450	
Barra Dourada	-20.8087902	-49.6178262	
Engenheiro Balduíno	-20.6827036	-49.6892715	
Engenheiro Schmitt	-20.8665336	-49.3098081	
Talhado	-20.7061991	-49.2941841	
Onda Branca	-20.4632941	-49.3862378	
Duplo Céu	-20.2523763	-49.5505033	
Taquaras	-23.4000988	-49.3471091	
Ribeirão Bonito	-23.4029674	-49.2535282	
Santa Terezinha	-22.3813639	-49.7604236	
Barra Grande	-23.0479605	-49.0410656	
Conceição	-23.7010650	-48.1042460	
Vila Alves	-20.1711303	-49.9678157	
Vila Nova	-20.4113520	-49.6897484	600
Usina Barbacena	-20.9576581	-48.1180591	
Laranjeiras	-20.2915655	-48.7187937	
Major Prado	-20.8728648	-50.4931193	
Nova Palmira	-20.7153765	-50.3979670	
Vicentópolis	-20.9170095	-50.3426663	
Taquari	-21.3872872	-50.4113214	
Vila Negri	-21.3955009	-48.6352947	
Roseta	-22.5445277	-50.5984523	
Quilombo	-21.9703601	-49.0783415	
Marilândia	-21.9473237	-48.8941926	
Aparecida do Salto	-20.3223880	-48.0006917	
Agrovila	-24.0063669	-49.0524817	
Varginha	-23.7279068	-48.1998045	
Caputera	-23.6987715	-48.9093472	
Presidente Epitácio	-21.7650740	-52.1111400	39505
Caiuá	-21.8319357	-51.9887179	5466
Junqueirópolis	-21.5109531	-51.4351505	20448
Panorama	-21.3612672	-51.8572739	14964
Pauliceia	-21.3143975	-51.8316259	7955
Ouro Verde	-21.4892638	-51.7025981	7779
Santa Mercedes	-21.3513258	-51.7534000	2956
Nova Guataporanga	-21.3330061	-51.6465874	2156
Rosana	-22.5788641	-53.0552246	17440
Euclides da Cunha Paulista	-22.5545200	-52.5927790	7924
Santo Anastácio	-21.9746620	-51.6526620	17963
Piquerobi	-21.8856652	-51.7296404	3264
Presidente Bernardes	-22.0064609	-51.5542973	14490
Ribeirão dos Índios	-21.8378246	-51.6021580	2025
Alfredo Marcondes	-21.9527000	-51.4139560	4445
Santo Expedito	-21.8508736	-51.3925315	3000
Emilianópolis	-21.8314360	-51.4831680	3014
Teodoro Sampaio	-22.5300202	-52.1686847	22173
Flora Rica	-21.6760063	-51.3804532	1487
Marabá Paulista	-22.1069936	-51.9629504	4573
Mirante do Paranapanema	-22.2925861	-51.9071430	15917
Estrela do Norte	-22.4886301	-51.6606857	2703
Sandovalina	-22.4560782	-51.7634004	3645
Tarabai	-22.3038726	-51.5628675	6536
Narandiba	-22.4080573	-51.5251755	5713
Pirapozinho	-22.2738742	-51.4998867	25348
Anhumas	-22.2956478	-51.3873401	4023
São João do Pau d'Alho	-21.2701055	-51.6654978	2242
Álvares Machado	-22.0764150	-51.4722400	27255
Dracena	-21.4835523	-51.5334408	45474
Nantes	-22.6191472	-51.2382255	2660
Taquarivaí	-23.9257829	-48.7005328	6876
Monte Castelo	-21.3006353	-51.5686963	4222
Nova Independência	-21.1066536	-51.4910804	4609
Itatinga	-23.1042417	-48.6134874	19070
Campina do Monte Alegre	-23.5935653	-48.4801876	5954
Buri	-23.7984900	-48.5989240	20250
Paranapanema	-23.3901610	-48.7208680	19395
Bofete	-23.1019554	-48.2610535	10460
Iepê	-22.6601650	-51.0778810	7619
Angatuba	-23.4938938	-48.4110675	24022
Pardinho	-23.0806795	-48.3768158	7153
Indiana	-22.1748508	-51.2534615	5090
Martinópolis	-22.1461530	-51.1709490	24881
Taciba	-22.3893943	-51.2888486	6260
Regente Feijó	-22.2191056	-51.3034558	20145
Cruzália	-22.7434438	-50.7911037	2108
Florínea	-22.9016004	-50.7268005	3851
Pedrinhas Paulista	-22.8157250	-50.7923590	2804
Rancharia	-22.2294981	-50.8922333	28588
Cândido Mota	-22.7434964	-50.3892400	29449
Maracaí	-22.6112679	-50.6670685	12673
Lutécia	-22.3383780	-50.3940070	2661
Paraguaçu Paulista	-22.4203497	-50.5792099	41120
Quatá	-22.2470977	-50.7003624	13163
João Ramalho	-22.2486157	-50.7677114	4371
Irapuru	-21.5691828	-51.3494606	7085
Mariápolis	-21.7966708	-51.1831475	3513
Caiabu	-22.0143038	-51.2356597	3712
Borá	-22.2703347	-50.5442675	907
Inúbia Paulista	-21.7701831	-50.9616718	3615
Osvaldo Cruz	-21.7962773	-50.8791190	31272
Adamantina	-21.6866517	-51.0762975	34687
Lucélia	-21.7211293	-51.0188000	20061
Pacaembu	-21.5662430	-51.2633114	14877
Flórida Paulista	-21.6140610	-51.1729548	12958
Pracinha	-21.8537103	-51.0862052	2578
Sagres	-21.8840628	-50.9574608	2474
Lavínia	-21.1665477	-51.0410539	9689
Valparaíso	-21.2230369	-50.8666375	24241
Bastos	-21.9222474	-50.7317727	21503
Parapuã	-21.7813090	-50.7922396	10580
Salmourão	-21.6250960	-50.8605656	4808
Murutinga do Sul	-20.9913722	-51.2782237	3737
Guaraçaí	-21.0322387	-51.2100464	7441
Mirandópolis	-21.1328313	-51.1029422	27983
Herculândia	-22.0045080	-50.3862746	9125
Arco-Íris	-21.7741308	-50.4668814	2044
Gabriel Monteiro	-21.5299436	-50.5533059	2763
Santópolis do Aguapeí	-21.6379556	-50.5008527	3899
Rinópolis	-21.7283080	-50.7226134	9259
Iacri	-21.8583385	-50.6892931	6131
Tupã	-21.9349129	-50.5141255	63928
Piacatu	-21.5901744	-50.5972241	5519
Birigui	-21.2908491	-50.3414400	118979
Bilac	-21.4039620	-50.4746400	7319
Castilho	-20.8695636	-51.4877792	19977
Araçatuba	-21.2079920	-50.4390225	200124
Bento de Abreu	-21.2715723	-50.8117225	2606
Clementina	-21.5594631	-50.4486240	6982
Rubiácea	-21.2996334	-50.7298698	2700
Ilha Solteira	-20.4281001	-51.3410871	25549
Nova Canaã Paulista	-20.3872473	-50.9481571	2032
Sud Mennucci	-20.6906175	-50.9240834	7355
Aparecida d'Oeste	-20.4498109	-50.8808706	4086
Pereira Barreto	-20.6378509	-51.1052172	24095
Suzanápolis	-20.5011185	-51.0246771	3408
Itapura	-20.6435211	-51.5084479	3979
Andradina	-20.8965050	-51.3742765	59783
Nova Castilho	-20.7638386	-50.3427479	1062
Guzolândia	-20.6491637	-50.6622974	4246
Dirce Reis	-20.4664067	-50.6062760	1620
Rubinéia	-20.1718325	-50.9995571	3833
Santa Clara d'Oeste	-20.0938889	-50.9263889	2598
Santa Fé do Sul	-20.2106188	-50.9270837	34794
Três Fronteiras	-20.2343550	-50.8905280	6804
Santa Salete	-20.2451795	-50.6889625	1645
São Francisco	-20.3604438	-50.6966030	2602
Santana da Ponte Pensa	-20.2543758	-50.7975649	1670
Palmeira d'Oeste	-20.4168187	-50.7621590	8903
Marinópolis	-20.4408333	-50.8227778	1860
São João de Iracema	-20.5134345	-50.3525950	1846
General Salgado	-20.6488139	-50.3608101	10312
Auriflama	-20.6840418	-50.5554616	13692
Vitória Brasil	-20.1978821	-50.4847947	1794
Jales	-20.2671767	-50.5492435	48776
Pontalinda	-20.4407100	-50.5235329	4127
Santa Albertina	-20.0323485	-50.7278392	6393
Aspásia	-20.1596604	-50.7279226	1842
Santa Rita d'Oeste	-20.1448079	-50.8317569	2733
Urânia	-20.2444910	-50.6450868	8833
Coronel Macedo	-23.6304001	-49.3132340	4280
Fartura	-23.3900390	-49.5109023	16641
Timburi	-23.2064076	-49.6045576	2464
Tejupá	-23.3437238	-49.3772468	4127
Taguaí	-23.4534312	-49.4054454	12669
Piraju	-23.1938491	-49.3842588	29436
Sarutaiá	-23.2747217	-49.4771860	3704
Paranapuã	-20.1033995	-50.5858761	4031
Estrela d'Oeste	-20.2860692	-50.3986216	9417
Turmalina	-20.0530658	-50.4763212	1669
Dolcinópolis	-20.1230736	-50.5132610	2207
Ouroeste	-20.0013584	-50.3736414	10294
Guarani d'Oeste	-20.0749605	-50.3398517	1968
Riversul	-23.8303603	-49.4340558	5599
Barão de Antonina	-23.6295651	-49.5632104	3531
Santa Maria da Serra	-22.5691072	-48.1570950	5243
Torrinha	-22.4302536	-48.1690653	9335
Brotas	-22.2840884	-48.1267265	23898
Ribeirão Bonito	-22.0692867	-48.1781765	10989
Ibirarema	-22.8131812	-50.0720477	6385
Palmital	-22.7863840	-50.2198965	19594
Platina	-22.6328334	-50.2049642	3025
Salto Grande	-22.8878776	-49.9837107	9050
Itaberá	-23.8621345	-49.1398926	17983
Itapeva	-23.9849105	-48.8803886	89728
Taquarituba	-23.5337307	-49.2452541	24350
Itaí	-23.4172598	-49.0935788	25180
Arandu	-23.1345103	-49.0545651	6885
Avaré	-23.1045215	-48.9259103	92805
Conchas	-23.0133538	-48.0077595	15232
Anhembi	-22.7891096	-48.1316776	5674
Vera Cruz	-22.2212638	-49.8243021	10176
Marília	-22.2172002	-49.9500061	237627
Lupércio	-22.4145801	-49.8183516	3981
Ocauçu	-22.4396255	-49.9226712	4331
Santa Cruz do Rio Pardo	-22.9060715	-49.6277378	46442
Ipaussu	-23.0544285	-49.6264306	13712
Chavantes	-23.0406405	-49.7071698	12211
Canitar	-23.0066616	-49.7840632	6283
Echaporã	-22.4325855	-50.2037693	6205
Ribeirão do Sul	-22.7861813	-49.9285258	4677
Campos Novos Paulista	-22.6019520	-49.9987260	4888
Pompeia	-22.1088293	-50.1720753	20196
Oriente	-22.1525442	-50.0935645	6085
Quintana	-22.0705513	-50.3086520	7038
Oscar Bressane	-22.3148740	-50.2811180	2470
Garça	-22.2125766	-49.6547994	42110
Lucianópolis	-22.4310459	-49.5219241	2372
Gália	-22.2936976	-49.5516228	6380
Álvaro de Carvalho	-22.0787992	-49.7194861	4808
Cabrália Paulista	-22.4562909	-49.3385645	4299
Presidente Alves	-22.0999100	-49.4381330	3804
Fernão	-22.3595388	-49.5209504	1656
Duartina	-22.4145620	-49.4083550	12328
Manduri	-23.0059018	-49.3171910	9871
Óleo	-22.9422754	-49.3408082	2512
São Pedro do Turvo	-22.7452860	-49.7428290	7217
Bernardino de Campos	-23.0140216	-49.4760724	11607
Alvinlândia	-22.4431852	-49.7643596	2885
Ubirajara	-22.5261054	-49.6635412	5132
Espírito Santo do Turvo	-22.6939723	-49.4295067	4157
Paulistânia	-22.5730321	-49.3985251	2090
Avanhandava	-21.4603331	-49.9465156	11263
Buritama	-21.0664017	-50.1448077	17210
Zacarias	-21.0523649	-50.0514502	2692
Barbosa	-21.2656610	-49.9518160	5640
Coroados	-21.3554634	-50.2853589	5400
Glicério	-21.3814805	-50.2100452	4138
Brejo Alegre	-21.1671191	-50.1850393	2565
Penápolis	-21.4192406	-50.0765588	61679
Guaimbê	-21.9090720	-49.8986100	5512
Alto Alegre	-21.5820592	-50.1661976	3841
Promissão	-21.5404913	-49.8574709	35131
Getulina	-21.7988557	-49.9288096	10232
Queiroz	-21.7991405	-50.2392786	3265
Avaí	-22.1564662	-49.3316395	4483
Braúna	-21.5015319	-50.3175246	5356
Luiziânia	-21.6763356	-50.3269863	4701
Adolfo	-21.2356597	-49.6441918	4351
Mendonça	-21.1838813	-49.5790590	6159
Sales	-21.3418263	-49.4999228	6437
Irapuã	-21.2791964	-49.4101967	6867
Pongaí	-21.7379814	-49.3584449	3395
Sabino	-21.4598472	-49.5776811	5112
Ubarana	-21.1637674	-49.7167796	5365
José Bonifácio	-21.0550620	-49.6892330	36633
Lins	-21.6741873	-49.7518932	74779
Guaiçara	-21.6213012	-49.7962941	11239
Pirajuí	-21.9957877	-49.4549675	22431
Uru	-21.7846064	-49.2819702	1387
Planalto	-21.0336277	-49.9284517	4389
Júlio Mesquita	-22.0099839	-49.7889446	4254
Guarantã	-21.8950705	-49.5901070	6427
Cafelândia	-21.8054355	-49.6030627	16654
Areiópolis	-22.6758064	-48.6673653	10130
Pratânia	-22.8090270	-48.6656779	5126
Boracéia	-22.1953550	-48.7801925	4715
Arealva	-22.0301906	-48.9111936	8130
Pederneiras	-22.3510860	-48.7781130	44827
Agudos	-22.4719836	-48.9884476	37680
Bauru	-22.3218102	-49.0705863	379146
Piratininga	-22.4136363	-49.1351479	15108
Lençóis Paulista	-22.6029897	-48.8031367	66505
Borebi	-22.5700178	-48.9714871	2713
Iaras	-22.8742567	-49.1593923	8010
Águas de Santa Bárbara	-22.8821912	-49.2383956	7177
Cerqueira César	-23.0353135	-49.1650519	21469
Potirendaba	-21.0457369	-49.3767154	18496
Urupês	-21.2027026	-49.2921996	13744
Nova Aliança	-21.0163728	-49.4981128	6693
Iacanga	-21.8928341	-49.0226082	10437
Borborema	-21.6212706	-49.0741350	14226
Trabiju	-22.0410733	-48.3350302	1682
Reginópolis	-21.8884118	-49.2227300	7662
Dois Córregos	-22.3697554	-48.3845315	24510
Dourado	-22.1162870	-48.3174349	8096
Bocaina	-22.1421831	-48.5222760	11259
Itapuí	-22.2346755	-48.7189744	13659
Bariri	-22.0746355	-48.7394852	31595
Barra Bonita	-22.4908590	-48.5583490	34346
Jaú	-22.2933031	-48.5593432	133497
Macatuba	-22.5002200	-48.7102290	16829
Igaraçu do Tietê	-22.5165369	-48.5582558	23106
São Manuel	-22.7320810	-48.5723160	37289
Botucatu	-22.8879628	-48.4410712	145155
Boa Esperança do Sul	-21.9930206	-48.3917372	12978
Tabatinga	-21.7373768	-48.6880522	14769
Nova Europa	-21.7808203	-48.5661712	9311
Paraíso	-21.0159110	-48.7761050	6099
Cândido Rodrigues	-21.3255615	-48.6308798	2889
Dobrada	-21.5180904	-48.3938897	8759
Gavião Peixoto	-21.8377536	-48.4928530	4702
Vista Alegre do Alto	-21.1712930	-48.6299172	8109
Monte Alto	-21.2655450	-48.4970660	47574
Taquaritinga	-21.4064327	-48.5056132	52260
Fernando Prestes	-21.2660610	-48.6873840	5942
Jaboticabal	-21.2520370	-48.3252230	71821
Santa Ernestina	-21.4634463	-48.3912139	6118
Taiaçu	-21.1431440	-48.5112030	5677
Pirangi	-21.0969623	-48.6652131	10885
Itápolis	-21.5958368	-48.8122696	39493
Novo Horizonte	-21.4674564	-49.2235377	38324
Itaju	-21.9816841	-48.8046536	3618
Ibitinga	-21.7562300	-48.8319030	60033
Ibirá	-21.0815104	-49.2424619	11690
Elisiário	-21.1673392	-49.1111015	3138
Marapoama	-21.2574769	-49.1314719	3292
Itajobi	-21.3122940	-49.0596336	16989
Catanduva	-21.1331035	-48.9712817	115791
Pindorama	-21.1853000	-48.9086100	14542
Catiguá	-21.0491485	-49.0578923	7003
Santa Adélia	-21.2432992	-48.8061481	14018
Embaúba	-20.9819513	-48.8374550	2323
Palmares Paulista	-21.0853690	-48.8036560	9650
Novais	-20.9941576	-48.9188283	4412
Ariranha	-21.1871600	-48.7904180	7602
Araraquara	-21.7886713	-48.1773096	242228
Icém	-20.3413103	-49.1970982	7819
Santa Lúcia	-21.6861811	-48.0836814	7149
Motuca	-21.5095864	-48.1503832	4034
Guariba	-21.3593800	-48.2315800	37498
Rincão	-21.5881095	-48.0724258	9098
Barrinha	-21.1898849	-48.1550642	32092
Pradópolis	-21.3597815	-48.0746603	17078
Lourdes	-20.9672545	-50.2249660	1950
Pitangueiras	-21.0132030	-48.2209510	33674
Turiúba	-20.9491284	-50.1082011	1818
Nova Luzitânia	-20.8558333	-50.2619444	2837
Gastão Vidigal	-20.7956829	-50.1907615	3252
Monções	-20.8509490	-50.0975370	1937
Floreal	-20.6767063	-50.1455638	2733
Magda	-20.6444651	-50.2260983	3165
Taiúva	-21.1238184	-48.4512476	6548
Taquaral	-21.0737300	-48.4125530	2619
Guareí	-23.3718195	-48.1846850	15013
Itapetininga	-23.5886070	-48.0483260	157790
Torre de Pedra	-23.2478026	-48.1941034	2046
Porangaba	-23.1761500	-48.1194640	10451
Quadra	-23.2993320	-48.0546570	3405
Cedral	-20.9028433	-49.2699665	12618
Uchoa	-20.9511060	-49.1712950	10394
Guapiaçu	-20.7966300	-49.2253917	21711
Tabapuã	-20.9648397	-49.0332398	11323
Altair	-20.5238955	-49.0606135	3451
Olímpia	-20.7366340	-48.9106250	55074
Cajobi	-20.8776238	-48.8106972	9133
Severínia	-20.8107530	-48.8053800	14576
Guaraci	-20.4976771	-48.9452074	10350
São José do Rio Preto	-20.8125851	-49.3804212	480393
Mirassol	-20.8141411	-49.5074490	63337
Bady Bassitt	-20.9178969	-49.4517911	27260
Tanabi	-20.6251635	-49.6519879	25265
Cosmorama	-20.4801328	-49.7782265	8719
Bálsamo	-20.7343722	-49.5807484	9596
Jaci	-20.8844434	-49.5710544	7613
Neves Paulista	-20.8429920	-49.6357670	9699
Orindiúva	-20.1819444	-49.3508333	6024
Palestina	-20.3893440	-49.4320384	11476
Pontes Gestal	-20.1833464	-49.7031406	2387
Américo de Campos	-20.2984760	-49.7359040	5870
Nova Granada	-20.5345426	-49.3186951	19419
Onda Verde	-20.6071428	-49.2950997	4771
Ipiguá	-20.6572820	-49.3881146	6761
Mirassolândia	-20.6147204	-49.4628170	4669
Meridiano	-20.3547223	-50.1725740	4572
Valentim Gentil	-20.4226107	-50.0861511	14098
Sebastianópolis do Sul	-20.6581669	-49.9229043	3130
Fernandópolis	-20.2825647	-50.2500762	71186
Poloni	-20.7836955	-49.8149752	5592
Nhandeara	-20.6943324	-50.0406028	9852
Macaubal	-20.8071616	-49.9648439	7481
União Paulista	-20.8878168	-49.8986804	1603
Nipoã	-20.9126469	-49.7791476	4750
Monte Aprazível	-20.7625702	-49.7088402	22280
Álvares Florence	-20.3205523	-49.9085255	3915
Cardoso	-20.0804470	-49.9139767	11345
Votuporanga	-20.4252908	-49.9720280	96634
Parisi	-20.3039424	-50.0135808	2892
Pedranópolis	-20.2491770	-50.1102463	2787
Macedônia	-20.1454034	-50.1939110	3963
Bebedouro	-20.9490770	-48.4790830	76373
Viradouro	-20.8726051	-48.2968122	17414
Terra Roxa	-20.7870150	-48.3314420	7904
Jaborandi	-20.6921079	-48.4144076	6221
Paulo de Faria	-20.0295930	-49.3998592	7400
Monte Azul Paulista	-20.9064900	-48.6387170	18151
Colina	-20.7114430	-48.5386700	18486
Barretos	-20.5531437	-48.5697509	122485
Colômbia	-20.1774291	-48.6872822	6629
Guaíra	-20.3245873	-48.3148818	39279
Miguelópolis	-20.1796120	-48.0309970	19441
Balbinos	-21.9006253	-49.3583966	3887
Mesópolis	-19.9662274	-50.6190438	1952
Populina	-19.9427771	-50.5372875	4127
Mira Estrela	-19.9806298	-50.1368730	3126
Riolândia	-19.9809440	-49.6814309	10309
Indiaporã	-19.9802644	-50.2906035	4035
Diadema	-23.6866428	-46.6246935	393237
Itararé	-24.1145368	-49.3352464	44438
Capão Bonito	-24.0048759	-48.3489848	46337
Barra do Chapéu	-24.4722030	-49.0237840	5179
Bom Sucesso de Itararé	-24.3190016	-49.1446207	3555
Itaoca	-24.6409691	-48.8410159	3422
Apiaí	-24.5076527	-48.8461582	24585
Ribeira	-24.6577435	-49.0086372	3132
Itapirapuã Paulista	-24.5735083	-49.1703846	4306
Guapiara	-24.1892100	-48.5295490	17071
Cajati	-24.7272376	-48.1077914	28515
Eldorado	-24.5225830	-48.1093489	13069
Nova Campina	-24.1225305	-48.9054041	8497
Ribeirão Branco	-24.2211495	-48.7678322	18627
Barra do Turvo	-24.7564210	-48.5056942	6876
Iporanga	-24.5843214	-48.5940280	4046
Sete Barras	-24.3878438	-47.9265798	12730
Registro	-24.4979420	-47.8448950	59947
Ilha Comprida	-24.7445292	-47.5525529	13419
Juquiá	-24.3172209	-47.6355618	17154
Miracatu	-24.2839078	-47.4535128	18553
Itariri	-24.2900711	-47.1761510	15528
Mongaguá	-24.0959454	-46.6234361	61951
Ariri	-25.2170755	-48.0406184	
Campina de Fora	-24.3126461	-48.9454652	
Araçaíba	-24.4264610	-48.8509030	
Itapeúna	-24.5959938	-48.2172952	
Apiaí-Mirim	-24.0752362	-48.5698202	
Braço	-24.6377993	-48.2922452	
Itabôa	-24.2593239	-48.8983117	
Oliveira Barros	-24.3193535	-47.5433513	
Pedro Barros	-24.2496943	-47.3732226	
Santa Rita do Ribeira	-24.1518470	-47.3173620	
Ana Dias	-24.2988008	-47.0702157	
Solemar	-24.0777937	-46.5873073	
Cubatão	-24.9739630	-47.9477749	
Pedrinhas	-24.8919776	-47.7987776	
Jairê	-24.6566960	-47.7328330	
Arabá	-19.8721186	-50.4207473	
Povoado do Sol	-19.9924550	-50.4614570	
São Carlos	-22.0180395	-47.8911540	254857
Santo André	-23.6533509	-46.5279039	748919
Itapecerica da Serra	-23.7176303	-46.8492435	158522
Presidente Venceslau	-21.8771160	-51.8451047	35201
Barra do Una	-23.7590702	-45.7636377	
São José dos Campos	-23.1867782	-45.8854538	697054
Jardim Santa Rita	-22.7700303	-47.3900599	
Vila Mollon	-22.7519654	-47.3662651	
Glebas California	-22.7396611	-47.4394610	
Vila Grego	-22.7447109	-47.4207799	
Romano	-22.7721255	-47.4207034	
Santo Antônio do Sapezeiro	-22.8244274	-47.4860455	
Vila Zilda	-23.9747663	-46.2516312	
Vila Edna	-23.9722640	-46.2485896	
Bairro Macacos	-22.8141721	-44.8393544	
Lagoinha	-23.0898337	-45.1903825	5083
Guarulhos	-23.4675941	-46.5277704	1291771
Betel	-22.8057331	-47.1186476	
Cerrado	-24.0469624	-49.3478448	
São Vicente	-23.9664177	-46.3861401	329911
Pontal	-21.0239714	-48.0393457	37607
Itaporanga	-23.7066252	-49.4895934	14085
Campos de Holambra	-23.4396292	-48.8776748	
Toque-Toque Grande	-23.8321267	-45.5095232	
Guaecá	-23.8189336	-45.4601707	
Santiago	-23.8092374	-45.5417188	
Mineiros	-23.4046894	-49.1814441	
Santa Terezinha	-23.3628431	-49.1868209	
Silvânia	-21.6394444	-48.2958333	180
Guatapará	-21.4960920	-48.0360685	7320
Boiçucanga	-23.7812604	-45.6222934	
Camburi	-23.7742146	-45.6437259	
Mineiros do Tietê	-22.4133188	-48.4505540	11230
Majestic	-23.1963143	-45.7561290	
Portal do Céu	-23.1914821	-45.7696902	
Santa Rita	-23.1946181	-45.7662141	
Capão Grosso II	-23.1887010	-45.7646906	
Jardim Ebenezer	-23.1987008	-45.7717823	
Chácara Boa Esperança	-23.2033355	-45.7800435	
Santa Lúcia	-23.1946477	-45.7712995	
Santa Helena	-23.1959494	-45.7989370	
Jardim Mariana II	-23.2161937	-45.8061468	
Estâncias Jockey Clube	-20.8560596	-49.3461535	
Chácara Bela Vista 2ª parte	-20.8711216	-49.3172238	
Engenheiro Maia	-24.0373621	-49.0993315	2192
Barnabés	-23.9830886	-47.1442723	
Salto	-23.5482755	-48.5147385	
Tapiratiba	-21.4682400	-46.7493221	11816
Chácara Bela Vista 1ª parte	-20.8669289	-49.3195794	
Matão	-21.6033611	-48.3660603	79033
Alto da Brancal	-24.1093158	-48.8064816	
Ferraz	-22.2628955	-47.5882065	
Lajeado de Araçaíba	-24.3810462	-48.9104264	
Paulínia	-22.7630391	-47.1532213	110537
Ribeirão Pires	-23.7134177	-46.4160929	115559
Tupi Paulista	-21.3861179	-51.5763259	15854
Ribeirão Grande	-24.1011400	-48.3679310	7450
Bairro Paiquerê	-23.8424892	-48.4997500	
Cercadinho	-23.6534024	-48.9384133	
Amarela Velha	-23.6698398	-48.9387491	
Assis	-22.6620892	-50.4206230	101409
Rechan	-23.5980092	-48.3171408	4772
Mombuca	-21.5465839	-47.9575655	
Caputira	-21.1537193	-49.0599845	
Pinheiro do Amaral	-24.1746082	-48.5079961	
"4,5 - Rio Bonito"	-23.9463956	-47.2165139	
Mangaratu	-20.4322432	-49.3326224	
Bairro da Itaoca	-24.2597454	-49.0017304	
Bananal	-22.6820178	-44.3221805	9969
Bairro da Betânia	-24.0564086	-48.9334610	
Pousada das Garças	-20.4240658	-49.2695611	
Chacaras São Francisco	-22.5065030	-46.9697730	
Sol Nascente	-22.4964931	-46.9760366	
Usina Esmeralda	-22.5451651	-46.9574606	
Morro Agudo	-20.7276692	-48.0527950	27933
Vila dos Oficiais	-21.9332451	-47.3563555	
Vila dos Sargentos	-21.9924462	-47.3646874	
Jardim São Pedro	-23.7218878	-46.7972058	
Itatiba	-23.0055542	-46.8397726	121590
São João das Duas Pontes	-20.3878223	-50.3788580	2580
Marujá	-25.2121827	-47.9958163	
Pereirinha	-25.0683730	-47.9202855	
Boqueirão Sul	-25.0227488	-47.9147859	
Takaoka	-23.6302625	-48.9512477	
André Lopes	-24.6003590	-48.4061434	312
Guararapes	-21.2542739	-50.6440083	31043
Momuna	-24.6983115	-47.6737285	
Morro Agudo	-24.4840079	-49.1136618	
Catas Altas	-24.6304580	-49.0365419	
Palmitalzinho	-24.3710450	-49.0462730	
Ribeirão da Várzea	-24.4918455	-49.2261312	
Gramadão	-23.8470644	-48.1857333	
Primeira Aliança	-21.0012354	-51.0877191	
Dumont	-21.2391417	-47.9747665	9471
Bonete	-23.9168077	-45.3448189	
Condomínio	-25.0183899	-47.9333768	
Bairro Miguel Russo	-23.8244704	-47.4528023	
Barra do Ribeira	-24.6486975	-47.3822875	
Ipuã	-20.4441839	-48.0125040	14454
Caieiras	-23.3644621	-46.7484765	95032
Pati	-21.2024166	-48.0002017	
Jardim Aracati	-23.7223392	-46.7719212	
Cidade Ipava	-23.7242658	-46.7627688	
Vila Gilda	-23.7249140	-46.7534991	
Vila Linópolis	-22.7589730	-47.4233128	
Monteiro Lobato	-22.9553542	-45.8387146	4138
Agrovila 3	-21.6759692	-51.9565617	
Tarumã	-22.7474736	-50.5783374	14882
Fazenda Velha	-23.1966249	-47.8756483	
Porto	-23.5327749	-47.7627864	
Santa Rosa	-21.2891200	-48.8717345	
São Roque Novo	-23.0665050	-48.1723816	
Terra Preta	-23.2624311	-46.5888475	
Tomé	-23.8157998	-49.2726325	
Torninos	-23.2137947	-47.9082054	
São Paulo Bagre	-24.9564034	-47.8902072	
Villaggio di Santa Clara	-23.5662633	-47.5928597	
Zona Leste (SBO)	-22.7425959	-47.3650813	
Jardim Europa	-22.7258590	-47.3675137	
Itararé	-23.7611004	-46.7971837	
Matinho	-23.7988492	-46.7550784	
Vila Roschel	-23.8331167	-46.7346909	
Agostinho	-23.8238831	-47.1117249	
Bairro dos Grilos	-23.8050377	-47.1214238	
Juruvaúva	-24.9284936	-47.8402582	
Morretinho	-25.0274006	-47.9126885	
Trincheiras	-25.0401885	-47.9118812	
Ubatuba	-24.8734428	-47.7697724	
Vila Nova	-24.8253153	-47.7021351	
Bom Retiro	-23.7808552	-48.3200824	
Rio Azeite	-24.7872372	-48.1756711	
Vila Tatu	-24.8032230	-48.2129448	
Chácara Alvorada	-22.2037102	-46.9879389	
Agrovila IV	-21.7077218	-51.9424869	
Roseira	-23.3313091	-46.8218805	
Taquaral	-21.6222719	-47.9103854	
Guararema	-23.4136776	-46.0383744	31236
Jardim São Lourenço	-23.7042008	-46.7881994	
Chácara Santa Maria	-23.6954378	-46.7935638	
Jardim Idemori	-23.7038472	-46.7956666	
Morro do índio	-23.6892090	-46.7767410	
Jardim Copacabana	-23.6909871	-46.7716013	
Pinheiro dos Costas	-24.1956007	-48.4874932	
Pinheiro dos Santana	-24.2305038	-48.4711102	
Paivinhas	-24.2253526	-48.4824721	
Pianos	-24.2276420	-48.4951965	
Pinheiro dos Nunes	-24.2091296	-48.4840385	
Benfica	-22.5911803	-45.2076781	
Vila Tupinambá	-20.0223934	-50.2413162	
Capão da Pescaria	-23.7369709	-48.3535424	
São Roque	-23.7514865	-48.2180615	
Vira-copos	-23.6928669	-48.2258292	
Biscoito Duro	-23.8423439	-48.2074689	
Pocinho	-23.8601439	-48.1751965	
Querência do Turvo	-23.8573377	-48.2221459	
Turvo dos Almeidas	-23.8570433	-48.2088851	
Brejão	-20.1905889	-47.7867079	
Ourinhos	-22.9777918	-49.8682040	103970
Irapé	-23.0610710	-49.7350538	
Serrinha	-20.9053438	-48.9627600	
Vila da Barra do Una	-24.4407256	-47.0714299	
Aguaí	-22.0592036	-46.9793840	32072
Capela do Alto	-23.4704798	-47.7352309	22866
Cachoeirinha	-22.3203715	-47.5425889	
Assentamento Monte Alegre VI	-21.6088555	-48.2437001	
Assentamento Monte Alegre I	-21.5586946	-48.2255137	
Assentamento Monte Alegre IV	-21.5741527	-48.1893909	
Assentamento Monte Alegre II	-21.6001864	-48.1975480	
Assentamento Monte Alegre III	-21.5907989	-48.2451770	
Assentamento Monte Alegre V	-21.5536576	-48.2377736	
Bairro do Barreiro	-23.4538275	-49.2883152	
Bom Retiro	-22.7994955	-47.4275869	
Associação Maranata	-24.1162888	-48.9228353	
Bairro Taquari Guaçu	-24.0142672	-48.9399569	
Bairro Caçador	-24.2121358	-48.8641819	
Paiol do Meio	-23.8839953	-46.9766675	
Laranjeiras	-23.8593273	-47.1315138	
Juquiá Grande	-23.9836028	-47.2213141	
Bairro Juquiá	-24.0066024	-47.2706485	
Iubatinga	-21.9129744	-51.2093797	
Campo Grande	-22.9360851	-47.1601215	190000
Ouro Verde	-22.9667274	-47.1319457	240000
Arcadas	-22.7209074	-46.8441909	
Barra do Batatal	-24.5858416	-48.2705355	
Clube Água Nova	-22.6001248	-48.4390855	
Aldeia Indigena	-24.7013721	-47.5445299	
